{
    "segments": [
        {
            "p0": { "time": -0.500000, "value": -0.500000 },
            "p1": { "time": -0.166667, "value": -0.166667 },
            "p2": { "time": 0.166667, "value": 0.166667 },
            "p3": { "time": 0.500000, "value": 0.500000 }
        }
    ]
}
