{
    "segments": [
        {
            "p0": { "in": -0.500000, "out": -0.500000 },
            "p1": { "in": -0.166667, "out": -0.166667 },
            "p2": { "in": 0.166667, "out": 0.166667 },
            "p3": { "in": 0.500000, "out": 0.500000 }
        },
        {
            "p0": {
                "in": 0.5,
                "out": -0.5
            },
            "p1": {
                "in": 0.833339989,
                "out": -0.366659998
            },
            "p2": {
                "in": 1.16666603,
                "out": 0.366659998
            },
            "p3": {
                "in": 1.5,
                "out": 0.5
            }
        },
        {
            "p0": {
                "in": 1.5,
                "out": -0.5
            },
            "p1": {
                "in": 1.5,
                "out": 0.5
            },
            "p2": {
                "in": 2.5,
                "out": 0.5
            },
            "p3": {
                "in": 2.5,
                "out": -0.5
            }
        }
    ]
}
