{"segments":[{"p0":{"time":-5.0e-01,"value":-5.0e-01},"p1":{"time":-1.66659995e-01,"value":-1.66659995e-01},"p2":{"time":1.66666001e-01,"value":1.66659995e-01},"p3":{"time":5.0e-01,"value":5.0e-01}},{"p0":{"time":5.0e-01,"value":-5.0e-01},"p1":{"time":8.33339989e-01,"value":-3.66659998e-01},"p2":{"time":1.16666603e+00,"value":3.66659998e-01},"p3":{"time":1.5e+00,"value":5.0e-01}},{"p0":{"time":1.5e+00,"value":-5.0e-01},"p1":{"time":1.5e+00,"value":5.0e-01},"p2":{"time":2.5e+00,"value":5.0e-01},"p3":{"time":2.5e+00,"value":-5.0e-01}}]}