{
    "segments": [
        {
            "p0": {
                "time": -0.5,
                "value": -0.5
            },
            "p1": {
                "time": -0.166659995,
                "value": -0.166659995
            },
            "p2": {
                "time": 0.166666001,
                "value": 0.166659995
            },
            "p3": {
                "time": 0.5,
                "value": 0.5
            }
        }
    ]
}
