{
    "segments": [
        {
            "p0": { "in": -0.500000, "out": -0.500000 },
            "p1": { "in": -0.166667, "out": -0.166667 },
            "p2": { "in": 0.166667, "out": 0.166667 },
            "p3": { "in": 0.500000, "out": 0.500000 }
        }
    ]
}
