{
    "segments": [
        {
            "p0": { "time": -0.500000, "value": -0.500000 },
            "p1": { "time": -0.166667, "value": -0.166667 },
            "p2": { "time": 0.166667, "value": 0.166667 },
            "p3": { "time": 0.500000, "value": 0.500000 }
        },
        {
            "p0": {
                "time": 0.5,
                "value": -0.5
            },
            "p1": {
                "time": 0.833339989,
                "value": -0.366659998
            },
            "p2": {
                "time": 1.16666603,
                "value": 0.366659998
            },
            "p3": {
                "time": 1.5,
                "value": 0.5
            }
        },
        {
            "p0": {
                "time": 1.5,
                "value": -0.5
            },
            "p1": {
                "time": 1.5,
                "value": 0.5
            },
            "p2": {
                "time": 2.5,
                "value": 0.5
            },
            "p3": {
                "time": 2.5,
                "value": -0.5
            }
        }
    ]
}
