{
    "segments": [
        {
            "p0": { "time": 1.000000, "value": 1.000000 },
            "p1": { "time": 1.333333, "value": 0.666667 },
            "p2": { "time": 1.666667, "value": 0.333333 },
            "p3": { "time": 2.000000, "value": 0.000000 }
        }
    ]
}
