{
    "segments": [
        {
            "p0": { "in": 1.000000, "out": 1.000000 },
            "p1": { "in": 1.333333, "out": 0.666667 },
            "p2": { "in": 1.666667, "out": 0.333333 },
            "p3": { "in": 2.000000, "out": 0.000000 }
        }
    ]
}
