{"segments":[{"p0":{"time":-5.0e-01,"value":-5.0e-01},"p1":{"time":-1.66659995e-01,"value":-3.66659998e-01},"p2":{"time":1.66666001e-01,"value":3.66659998e-01},"p3":{"time":5.0e-01,"value":5.0e-01}}]}