{"segments":[{"p0":{"in":-5.0e-01,"out":-5.0e-01},"p1":{"in":-1.66659995e-01,"out":-3.66659998e-01},"p2":{"in":1.66666001e-01,"out":3.66659998e-01},"p3":{"in":5.0e-01,"out":5.0e-01}}]}
