
{
    "p0": { "time": -0.500000, "value": -1.000000 },
    "p1": { "time": -0.166667, "value": -0.333333 },
    "p2": { "time": 0.166667, "value": 0.333333 },
    "p3": { "time": 0.500000, "value": 1.000000 }
}
