
{
    "p0": { "in": -0.500000, "out": -1.000000 },
    "p1": { "in": -0.166667, "out": -0.333333 },
    "p2": { "in": 0.166667, "out": 0.333333 },
    "p3": { "in": 0.500000, "out": 1.000000 }
}
