{
    "p0": { "time": -0.5, "value": -0.25 },
    "p1": { "time": -0.166667, "value": -0.083333 },
    "p2": { "time": 0.166667, "value": 0.083333 },
    "p3": { "time": 0.5, "value": 0.25 }
}
