{
    "p0": { "in": -0.5, "out": -0.25 },
    "p1": { "in": -0.166667, "out": -0.083333 },
    "p2": { "in": 0.166667, "out": 0.083333 },
    "p3": { "in": 0.5, "out": 0.25 }
}
