{
    "p0": { "in": -0.5       , "out": -0.5},
    "p1": { "in": -0.16666, "out": -0.16666},
    "p2": { "in": 0.166666, "out": 0.16666},
    "p3": { "in": 0.5       , "out": 0.5}
}
