{
    "p0": { "time": -0.5       , "value": -0.5},
    "p1": { "time": -0.16666, "value": -0.36666},
    "p2": { "time": 0.166666, "value": 0.36666},
    "p3": { "time": 0.5       , "value": 0.5}
}
